title,author,original_publish_date,rating,number_of_ratings,number_of_pages,number_of_reviews,genres
Satranç,Stefan Zweig,"September 1, 1942",4.26,178840,88,15125,"Classics, Fiction, Short Stories, German Literature, Literature, Novella, Novels"
Dr. Jekyll ile Bay Hyde: Tuhaf Bir Vaka,Robert Louis Stevenson,"January 1, 1886",3.83,674898,86,30222,"Classics, Horror, Fiction, Gothic, Mystery, Science Fiction, Fantasy"
Dönüşüm,Franz Kafka,"January 1, 1915",3.91,1463760,74,73507,"Classics, Fiction, Philosophy, Fantasy, Short Stories, Literature, Horror"
Muhteşem Gatsby,F. Scott Fitzgerald,"April 10, 1925",3.93,5986591,184,132792,"Classics, Fiction, School, Historical Fiction, Romance, Literature, Novels"
Korku,Stefan Zweig,"January 1, 1910",4.12,30112,80,3325,"Classics, Fiction, Short Stories, German Literature, Novels, Literature, Novella"
Doktor Moreau’nun Adası,H.G. Wells,"January 1, 1896",3.73,136705,166,8303,"Classics, Science Fiction, Fiction, Horror, Fantasy, Audiobook, Literature"
Olağanüstü Bir Gece,Stefan Zweig,"January 1, 1922",3.90,21166,69,1263,"Classics, Fiction, Short Stories, Roman, German Literature, Modern Classics, Literature"
Vahşetin Çağrısı,Jack London,"January 1, 1903",3.92,477627,108,18551,"Classics, Fiction, Adventure, Young Adult, Animals, Historical Fiction, Literature"
Mürebbiye,Stefan Zweig,"January 1, 1911",3.67,3278,96,196,"Classics, Fiction, Modern Classics, Short Stories, Audiobook, Literature, World Literature"
Otomatik Portakal,Anthony Burgess,"January 1, 1962",4.00,777330,172,25989,"Classics, Fiction, Science Fiction, Dystopia, Horror, Literature, Novels"
Sineklerin Tanrısı,William Golding,"September 17, 1954",3.70,3234177,272,68735,"Classics, Fiction, Young Adult, School, Dystopia, Literature, Read For School"
Zaman Makinesi: Bir Buluş,H.G. Wells,"January 1, 1895",3.89,570223,120,19838,"Classics, Science Fiction, Fiction, Time Travel, Fantasy, Dystopia, Audiobook"
Zacharius Usta,Jules Verne,"January 1, 1854",3.46,4283,56,319,"Classics, Fiction, Fantasy, French Literature, Science Fiction, Roman, Short Stories"
Usta ve Margarita,Mikhail Bulgakov,"January 1, 1967",4.28,429398,520,29122,"Classics, Fiction, Fantasy, Russia, Russian Literature, Magical Realism, Literature"
Amok Koşucusu,Stefan Zweig,"January 1, 1922",3.97,25728,64,2057,"Fiction, Classics, Short Stories, German Literature, Literature, Novels, Audiobook"
Mutlu Prens,Oscar Wilde,"May 1, 1888",4.19,38207,56,2016,"Classics, Short Stories, Fiction, Fantasy, Childrens, Literature, Fairy Tales"
Martı,Anton Chekhov,"January 1, 1895",3.91,38757,104,1865,"Plays, Classics, Russia, Drama, Fiction, Theatre, Russian Literature"
Vişne Bahçesi,Anton Chekhov,"January 1, 1903",3.69,45938,104,2253,"Plays, Classics, Drama, Russia, Fiction, Russian Literature, Theatre"
İnsanın Esareti,W. Somerset Maugham,"January 1, 1915",4.16,62072,800,4682,"Classics, Fiction, Literature, Novels, Romance, British Literature, Literary Fiction"
Ay'a Yolculuk,Jules Verne,"January 1, 1865",3.75,39749,224,2115,"Classics, Science Fiction, Fiction, Adventure, France, Fantasy, Literature"
Bilinmeyen Bir Kadının Mektubu,Stefan Zweig,"August 10, 1922",4.09,73257,62,8599,"Classics, Fiction, Romance, Short Stories, German Literature, Literature, Novels"
Köpek Kalbi,Mikhail Bulgakov,"January 1, 1925",4.08,74215,136,5284,"Fiction, Classics, Russia, Russian Literature, Science Fiction, Literature, Fantasy"
Seksen Günde Dünya Gezisi,Jules Verne,"January 1, 1872",3.95,285645,272,13677,"Classics, Fiction, Adventure, Science Fiction, France, Travel, Audiobook"
Martin Eden,Jack London,"January 1, 1909",4.48,56275,528,4070,"Classics, Fiction, American, Literature, Novels, Roman, The United States Of America"
Geçmişe Yolculuk,Stefan Zweig,"January 1, 1976",3.81,9360,56,1106,"Fiction, Classics, Romance, German Literature, Literature, Novella, 20th Century"
Babaya Mektup,Franz Kafka,"November 1, 1919",4.03,64794,57,7977,"Classics, Nonfiction, Biography, Literature, German Literature, Memoir, Audiobook"
Çocukluğum,Maxim Gorky,"January 1, 1913",4.09,9206,282,619,"Russia, Classics, Russian Literature, Biography, Nonfiction, Literature, Memoir"
Tom Sawyer'ın Maceraları,Mark Twain,"January 1, 1876",3.92,1027242,264,17175,"Classics, Fiction, Adventure, Historical Fiction, Young Adult, Literature, Childrens"
Korku Vadisi,Arthur Conan Doyle,"January 1, 1914",3.96,56343,200,3624,"Classics, Mystery, Fiction, Crime, Audiobook, Detective, Mystery Thriller"
Ermiş,Kahlil Gibran,"January 1, 1923",4.23,331966,54,17369,"Poetry, Classics, Philosophy, Fiction, Spirituality, Religion, Literature"
Mecburiyet,Stefan Zweig,"January 1, 1920",4.13,6752,56,440,"Classics, Fiction, German Literature, Roman, Modern Classics, Novella, Short Stories"
Feniçka,Lou Andreas-Salomé,"January 1, 1898",3.74,1919,80,176,"Classics, Feminism, Modern Classics, Fiction, Literature, Roman, German Literature"
Beyaz Diş,Jack London,"May 1, 1906",4.03,208908,264,7478,"Classics, Fiction, Adventure, Animals, Young Adult, Historical Fiction, Literature"
"Ben, Claudius",Robert Graves,"January 1, 1934",4.24,73755,523,4160,"Historical Fiction, Fiction, Classics, Historical, Literature, Novels, Italy"
Bir Kadının Yaşamından Yirmi Dört Saat,Stefan Zweig,"January 1, 1925",3.89,43126,80,4564,"Classics, Fiction, Short Stories, Novels, Literature, Romance, Audiobook"
Ölümcül Yumurtalar,Mikhail Bulgakov,"January 1, 1923",3.75,12403,124,794,"Fiction, Russia, Classics, Science Fiction, Russian Literature, Satire, Short Stories"
Altıncı Koğuş,Anton Chekhov,"November 1, 1892",4.23,16593,72,1590,"Classics, Fiction, Russian Literature, Russia, Short Stories, Literature, Novels"
Arayışlar,Lou Andreas-Salomé,"January 1, 1894",3.92,2462,72,237,"Classics, Modern Classics, Fiction, Feminism, Russian Literature, Womens, Roman"
Bilinmeyen Adanın Öyküsü,José Saramago,"January 1, 1997",3.92,17738,60,1675,"Fiction, Short Stories, Portugal, Fantasy, Literature, Portuguese Literature, Nobel Prize"
Clarissa,Stefan Zweig,"January 1, 1941",3.89,3692,184,376,"Classics, Fiction, Roman, Novels, German Literature, 20th Century, Historical"
Yakıcı Sır,Stefan Zweig,"January 1, 1911",3.89,14285,88,1601,"Fiction, Classics, Short Stories, German Literature, Novels, Novella, Audiobook"
Huckleberry Finn'in Maceraları,Mark Twain,"January 1, 1885",3.83,1343385,367,26185,"Classics, Fiction, Historical Fiction, Adventure, Literature, Young Adult, School"
Genç Bir Doktorun Anıları,Mikhail Bulgakov,"January 1, 1925",4.29,24989,164,1958,"Classics, Fiction, Russia, Short Stories, Russian Literature, Medicine, Literature"
Dörtlerin Yemini,Arthur Conan Doyle,"February 1, 1890",3.88,180523,160,9708,"Classics, Mystery, Fiction, Crime, Audiobook, Detective, Mystery Thriller"
Yalnız Bir Avcıdır Yürek,Carson McCullers,"June 4, 1940",3.99,120544,392,9673,"Fiction, Classics, Book Club, Literature, Historical Fiction, Novels, Southern Gothic"
Benim Üniversitelerim,Maxim Gorky,"January 1, 1923",3.87,2868,176,179,"Russia, Russian Literature, Biography, Classics, Nonfiction, Autobiography, Literature"
Ekmeğimi Kazanırken,Maxim Gorky,"January 1, 1916",4.09,2081,440,149,"Russian Literature, Classics, Russia, Biography, Nonfiction, Autobiography, Literature"
Doktor Ox'un Deneyi,Jules Verne,"January 1, 1872",3.48,5076,96,381,"Classics, Science Fiction, Fiction, France, Fantasy, French Literature, Novels"
Boyalı Peçe,W. Somerset Maugham,"April 1, 1925",3.98,52346,240,5215,"Classics, Fiction, Historical Fiction, Romance, China, Book Club, Historical"
Deniz Kurdu,Jack London,"January 1, 1904",4.06,33908,376,2208,"Classics, Fiction, Adventure, Literature, Historical Fiction, Novels, American"
Leonardo'nun Yahuda'sı,Leo Perutz,"January 1, 1959",3.93,973,176,103,"Fiction, Historical Fiction, German Literature, Italy, Novels, 20th Century, Modern Classics"
Bir Safdilin Hatıra Defteri,Arkady Averchenko,"January 1, 1923",3.67,204,152,18,"Classics, Literature"
Üç Büyük Usta: Balzac - Dickens - Dostoyevski,Stefan Zweig,"January 1, 1919",4.11,1716,228,167,"Nonfiction, Biography, Classics, History, Literature, Essays, Literary Criticism"
Bir Kuzey Macerası,Jack London,"January 1, 1900",3.51,3041,56,172,"Classics, Fiction, Roman, Short Stories, American, Modern Classics, Adventure"
Alice Harikalar Diyarında,Lewis Carroll,"January 1, 1865",3.99,441949,112,21908,"Classics, Fantasy, Fiction, Childrens, Audiobook, Adventure, Middle Grade"
Yirmi Aşk Şiiri ve Umutsuz Bir Şarkı,Pablo Neruda,"January 1, 1924",4.19,82832,112,5061,"Poetry, Classics, Romance, Spanish Literature, Fiction, Literature, Nobel Prize"
Ay Işığı Sokağı,Stefan Zweig,"January 1, 1922",3.67,7251,80,390,"Classics, Fiction, Short Stories, German Literature, Modern Classics, Roman, Literature"
Ermişin Bahçesi,Kahlil Gibran,"January 1, 1931",3.76,4655,56,390,"Poetry, Philosophy, Fiction, Classics, Spirituality, Literature, Middle East"
Kızıl,Stefan Zweig,"January 1, 1908",3.76,3645,72,269,"Classics, Fiction, Modern Classics, Novella, Roman, World Literature, Audiobook"
Ceza Kolonisinde ve Diğer Öyküler,Franz Kafka,"October 1, 1918",3.92,33700,200,2516,"Classics, Fiction, Short Stories, Philosophy, Literature, German Literature, Horror"
Aforizmalar,Franz Kafka,"January 1, 1931",3.66,4489,124,410,"Philosophy, Nonfiction, Classics, Literature, German Literature, Czech Literature, Poetry"
Karmaşık Duygular,Stefan Zweig,"January 1, 1926",4.04,13534,264,1494,"Fiction, Classics, German Literature, LGBT, Literature, Short Stories, Novels"
Kısa Öykünün Büyük Ustaları,Celâl Üster,"December 7, 2016",3.70,1093,182,93,"Classics, Short Stories, Fiction, Modern Classics, Literature, American"
Dava,Franz Kafka,"January 1, 1925",3.94,403375,224,22314,"Classics, Fiction, Philosophy, Literature, German Literature, Novels, Dystopia"
Pinokyo,Carlo Collodi,"January 1, 1882",3.84,89540,200,4644,"Classics, Fiction, Fantasy, Childrens, Italian Literature, Italy, Adventure"
Gog,Giovanni Papini,"June 1, 2015",4.16,423,478,46,"Philosophy, Classics, Fiction, Turkish, Novels"
Gezgin,Kahlil Gibran,"January 1, 1932",3.69,3891,72,358,"Poetry, Philosophy, Fiction, Classics, Short Stories, Literature, Spirituality"
Define Adası,Robert Louis Stevenson,"January 28, 1882",3.85,545535,280,19870,"Classics, Fiction, Adventure, Historical Fiction, Young Adult, Childrens, Pirates"
Oz Büyücüsü,L. Frank Baum,"May 17, 1900",4.00,516597,144,21658,"Classics, Fantasy, Fiction, Childrens, Young Adult, Audiobook, Adventure"
Deniz Feneri,Virginia Woolf,"May 5, 1927",3.81,218037,224,17867,"Classics, Fiction, Literature, Novels, Literary Fiction, Feminism, 20th Century"
Ellerin Zamanlarla Dolu,Paul Celan,"January 1, 1970",4.33,3936,176,194,"Poetry, German Literature, Classics, Literature, Fiction, Romania, 20th Century"
Peter Pan,J.M. Barrie,"January 1, 1911",4.03,375595,192,18768,"Classics, Fantasy, Fiction, Childrens, Adventure, Audiobook, Young Adult"
Yıldız Gezgini,Jack London,"January 1, 1914",4.18,11139,340,947,"Fiction, Classics, Fantasy, Science Fiction, American, The United States Of America, Novels"
Gömülü Şamdan,Stefan Zweig,"January 1, 1936",3.63,2919,120,245,"Fiction, Historical Fiction, Classics, Novella, German Literature, World Literature, Roman"
Şato,Franz Kafka,"January 1, 1926",3.91,76977,360,5179,"Classics, Fiction, Literature, Philosophy, German Literature, Novels, Czech Literature"
Bir Çöküşün Öyküsü,Stefan Zweig,"January 1, 1910",3.89,9181,56,512,"Classics, Fiction, Short Stories, Modern Classics, German Literature, Roman, Literature"
Küskün Kahvenin Türküsü,Carson McCullers,"January 1, 1951",3.78,26676,157,3050,"Short Stories, Fiction, Classics, Southern Gothic, American, Gothic, Southern"
Altın Gözde Yansımalar,Carson McCullers,"January 1, 1941",3.84,7513,104,838,"Fiction, Classics, Southern Gothic, LGBT, Queer, Novels, American"
Dört Oyun: Sezar ile Kleopatra - Pygmalion - Kırgınlar Evi - Jan Dark,George Bernard Shaw,"January 1, 2004",3.97,122,452,13,"Theatre, Plays, Modern Classics, World Literature"
Üç Yıl,Anton Chekhov,"January 1, 1895",3.50,2394,120,310,"Classics, Fiction, Russian Literature, Russia, Novels, Literature, Short Stories"
Bir Elin Sesi Var,Anthony Burgess,"January 1, 1961",3.83,1746,193,116,"Fiction, Classics, Novels, British Literature, Literary Fiction, English Literature, Satire"
Kırık Kanatlar,Kahlil Gibran,"January 1, 1912",3.96,28932,88,3935,"Classics, Poetry, Fiction, Romance, Novels, Philosophy, Literature"
Demir Ökçe,Jack London,"January 1, 1908",3.77,12622,336,1130,"Fiction, Dystopia, Classics, Science Fiction, Politics, Literature, Novels"
Şeytan'ın Günlüğü,Leonid Andreyev,"January 1, 1920",3.68,2862,224,375,"Fiction, Russia, Russian Literature, Classics, Fantasy, Religion, Novels"
Lyon’da Düğün,Stefan Zweig,"January 1, 1927",3.76,5052,56,351,"Classics, Fiction, Short Stories, Modern Classics, German Literature, Literature, France"
Şeytan Tozu,Leo Perutz,"January 1, 1933",3.93,921,176,123,"Fiction, Classics, Mystery, Novels, 20th Century, German Literature, Literature"
Vanya Dayı,Anton Chekhov,"January 2, 1897",3.86,31655,96,1892,"Plays, Classics, Russia, Drama, Fiction, Russian Literature, Theatre"
Gitanjali,Rabindranath Tagore,"January 1, 1910",4.29,11938,80,1034,"Poetry, Classics, India, Fiction, Indian Literature, Philosophy, Nobel Prize"
Küçük Kadınlar,Louisa May Alcott,"January 1, 1869",4.05,50408,328,5662,"Classics, Fiction, Young Adult, Romance, Historical Fiction, Audiobook, Childrens"
Breaking the Bias of English: How English Disempowers Women and How to Fix It in Only Six Words!,Vivian Probst,"January 31, 2024",4.87,130,146,69,
Görünür Karanlık,William Golding,"January 1, 1979",3.50,1794,336,149,"Fiction, Literature, Classics, Literary Fiction, Historical Fiction, Novels, British Literature"
İnsanlığın Yıldızının Yükseldiği Anlar,Stefan Zweig,"January 1, 1927",4.24,17853,288,1641,"History, Nonfiction, Classics, Short Stories, German Literature, Biography, Literature"
Artamonovlar,Maxim Gorky,"January 1, 1925",3.73,615,352,69,"Fiction, Russian Literature, Russia, Classics, Historical Fiction, Literature, 20th Century"
Gog,Giovanni Papini,"January 1, 2010",4.16,423,478,46,"Philosophy, Classics, Fiction, Turkish, Novels"
Lord Jim,Joseph Conrad,"January 1, 1900",3.61,33232,408,1953,"Classics, Fiction, Literature, Adventure, Novels, Historical Fiction, British Literature"
Duvarcı Ustası Don Gesualdo,Giovanni Verga,"January 1, 1888",3.48,2665,370,121,"Classics, Italian Literature, Fiction, Italy, Novels, Literature, School"
Anne Frank'ın Hatıra Defteri,Anne Frank,"June 25, 1947",4.20,4234268,284,49614,"Classics, Nonfiction, History, Biography, Memoir, Historical, Holocaust"
Ruth,Lou Andreas-Salomé,"January 1, 1895",3.45,803,252,96,"Classics, Modern Classics, Fiction, Feminism, World Literature"
Dalgalar,Virginia Woolf,"October 8, 1931",4.14,54590,256,6844,"Classics, Fiction, Literature, Novels, Poetry, Literary Fiction, 20th Century"
Gitanjali: İlâhiler,Rabindranath Tagore,"January 1, 1910",4.29,11938,56,1034,"Poetry, Classics, India, Fiction, Indian Literature, Philosophy, Nobel Prize"
Bütün Şiirlerinden Seçmeler,Rainer Maria Rilke,"January 1, 1926",4.36,17345,128,811,"Poetry, Classics, German Literature, Literature, Fiction, Philosophy, Germany"
Üç Kız Kardeş,Anton Chekhov,"January 1, 1900",3.71,24607,128,1191,"Plays, Classics, Drama, Russia, Fiction, Russian Literature, Theatre"
Oda Müziği: Bütün Şiirleri,James Joyce,"January 1, 1957",3.23,944,140,126,"Poetry, Classics, Irish Literature, Ireland, 20th Century, Modern Classics, Literature"
Amerika,Franz Kafka,"January 1, 1927",3.74,34861,288,2106,"Fiction, Classics, German Literature, Literature, Novels, Czech Literature, 20th Century"
Serbest Düşüş,William Golding,"January 1, 1959",3.67,1506,280,164,"Fiction, Classics, Literature, Literary Fiction, Novels, Nobel Prize, English Literature"
Felice'ye Mektuplar,Franz Kafka,"January 1, 1967",4.16,1284,720,153,"Nonfiction, Classics, Biography, Literature, German Literature, Romance, Poetry"
Doktor Hastalandı,Anthony Burgess,"January 1, 1960",3.59,1526,264,88,"Fiction, Classics, British Literature, Novels, Humor, Literature, Literary Fiction"
Tanrı Claudius,Robert Graves,"January 1, 1934",4.20,16889,584,903,"Historical Fiction, Fiction, Classics, Historical, Literature, Novels, Roman"
Çatal Dil,William Golding,"January 1, 1995",3.45,1165,209,90,"Fiction, Historical Fiction, Mythology, Classics, British Literature, Literature, Historical"
Patlayan Kuyrukluyıldızlar - Ekspresyonist Öyküler,Malcolm Green,"January 1, 1993",3.26,351,96,35,"Short Stories, Fiction, Speculative Fiction, German Literature, Modern Classics"
Piramit,William Golding,"January 1, 1967",3.31,1102,244,77,"Fiction, Classics, Novels, Literature, British Literature, Modern Classics, Historical Fiction"
Küçük Burjuvalar,Maxim Gorky,"January 1, 1901",3.71,457,168,31,"Plays, Theatre, Russia, Russian Literature, Literature, Fiction, Classics"
Meczup,Kahlil Gibran,"August 20, 1918",3.98,12247,64,1185,"Poetry, Philosophy, Fiction, Classics, Short Stories, Literature, Spirituality"
Ayaktakımı Arasında,Maxim Gorky,"January 1, 1902",3.77,5362,144,212,"Plays, Russia, Classics, Fiction, Russian Literature, Drama, Theatre"
Bir Hanımefendinin Portresi,Henry James,"January 1, 1881",3.80,85679,776,4530,"Classics, Fiction, Literature, 19th Century, Historical Fiction, Romance, Novels"
Bir Yazarın Günlüğü,Virginia Woolf,"January 1, 1953",4.17,6592,464,429,"Nonfiction, Writing, Classics, Biography, Memoir, Diary, Biography Memoir"
Homeros'un Kızı,Robert Graves,"January 1, 1955",3.78,1091,248,136,"Historical Fiction, Fiction, Mythology, Classics, Greece, Historical, Greek Mythology"
Çocuksu Bir Şey,Katherine Mansfield,"January 1, 1924",3.54,582,216,71,"Short Stories, Fiction, Classics, Romance, Historical Fiction, 20th Century, British Literature"
Mozart ve Deyyuslar,Anthony Burgess,"January 1, 1991",3.42,452,184,40,"Fiction, Music, Modern Classics, Classics, British Literature, Theatre, Roman"
A.B.D. 1919,John Dos Passos,"January 1, 1932",3.97,3319,592,271,"Fiction, Classics, Historical Fiction, Literature, Novels, American, 20th Century"
Bahçede Eğlence,Katherine Mansfield,"January 1, 1922",3.82,10707,240,1080,"Short Stories, Classics, Fiction, 20th Century, Literature, Literary Fiction, Female Authors"
Kendi Hayatının Şiirini Yazanlar: Casanova - Stendhal - Tolstoy,Stefan Zweig,"January 1, 1928",4.16,441,432,43,"Biography, Nonfiction, Literature, Ebooks, Classics"
Kendileriyle Savaşanlar: Hölderlin - Kleist - Nietzsche,Stefan Zweig,"January 1, 1925",4.06,1154,352,125,"Philosophy, Biography, Nonfiction, Literature, German Literature, History, Essays"
A.B.D. 42. Enlem,John Dos Passos,"January 1, 1930",3.82,7862,489,653,"Fiction, Classics, Historical Fiction, Literature, Novels, American, The United States Of America"
Üç Örnek Öykü ve Bir Önsöz,Miguel de Unamuno,"January 1, 1921",3.65,906,124,82,"Fiction, Spanish Literature, Short Stories, Spain, Classics, Literature, Philosophy"
Casus,Joseph Conrad,"January 1, 1907",3.58,25136,328,2059,"Fiction, Classics, Literature, Mystery, Espionage, Novels, Thriller"
Ottla’ya ve Aileye Mektuplar,Franz Kafka,"January 1, 1971",3.69,140,168,17,"Nonfiction, German Literature, Classics, Literature, Reference"
Kule,William Golding,"January 1, 1964",3.50,4281,248,487,"Fiction, Historical Fiction, Classics, Audiobook, Literature, British Literature, Historical"
Rahel Tanrı’yla Hesaplaşıyor,Stefan Zweig,"January 1, 1930",4.00,2403,80,188,"Classics, Fiction, Modern Classics, German Literature, Roman, Novella, Short Stories"
Ceberut Martin,William Golding,"January 1, 1956",3.55,2635,192,270,"Fiction, Classics, Literature, Novels, 20th Century, Literary Fiction, British Literature"
